0,731,QZGO IOAEAGZ
1,601,FIRXQVNI OYGMC
2,519,LGZBFI QNWSTXYTSSA
3,622,XTGNEV NKHPBGCHHDO
4,702,DMNW LNRDHSI
5,562,CBEIY RSFIVNK
6,834,QSM LXYBVJQNPA
7,728,UYBVDJTU DBFYQ
8,919,LFWY TVYWRKOGBO
9,950,JLEGQNCN TDSTT
10,539,HPWHKSHG LTWRULG
11,897,TBEKQG XJJPDFY
12,408,NZVX RCFEWCVSP
13,545,NXSR HJYEUHVZOT
14,657,HCXGVAM AYQXQFBIU
15,547,LHNJN ITIHH
16,567,KIQHRL JDNHVNA
17,851,KWQMH XARMKMUTV
18,604,FGVP XJACYIXNKZD
19,426,VGEUI XGSJAMFYRM
20,986,BDA CFYMEMWFRSC
21,615,GHJEOBPQ PUOJJUYMXYQ
22,1007,CKKAP CSTRTAYCG
23,613,XFVUVED QEPPCGU
24,527,GNLYR FRIYTICBZI
25,1010,FTBJ YTNPJRVFT
26,542,GVJZADJ BWUDYTNXZU
27,438,DQW SFFJDMFL
28,471,GJNI MWJIQ
29,607,LEFKZZNE PJZXQK
30,775,PPBDVMQ FYORJ
31,596,RSMZ DLYSSQBRP
32,440,RVRGWWDJ MIJCBUJH
33,453,WNFHNXB DASUT
34,557,QPT OLYZXJJZKDL
35,1020,NQGUZUR BXTVSORF
36,756,BURZU QKFSVID
37,876,QHIK GCDJCY
38,807,OYDSHEOY GIRQN
39,962,YOEAGL KSSPX
40,455,VIPJHSDO ZROFCHXPSL
41,842,RPODCIXR FAKCJZ
42,452,TSGS MWZOEX
43,514,KVFBKVGO EDHLGRQP
44,1071,HOY PGKLIAPFFOR
45,474,UPOBD UGLGMEWDZBM
46,549,BVNPDN EKVSBXNYME
47,448,YHDGWJEB IIOVJR
48,740,GUKNFHFI HVIVZJ
49,463,TSGPCK SKSGGEYX
50,522,TNTA VBLEWTZ
51,1033,NUWFAN HNFUHOALO
52,714,USAQVX RGBNZAKEPEC
53,730,REWZYD NAPDZDZU
54,848,PCGX FVYGFDV
55,669,SVX ZRWXULYLQZ
56,952,TUFKZN HELGKQJIEQ
57,1039,PBQNBNA BAQAPGWMNG
58,695,QPNWCE HMKZOKPSCE
59,640,FWSX YJDUVSD
60,951,TAI PEOYSZXILOA
61,666,VJAR BZQKDMIXPSS
62,822,DZYRXQS XZFLBVIXGI
63,696,IIT NVDKK
64,861,VQIUR ZUHURIZEKWN
65,979,XZLH KHUFKHPIM
66,523,UHUVBDR SMTWYRJJW
67,497,HQUQLZ BURLIDOEK
68,920,LMTFAME ADPJZY
69,826,POZC PCWGQ
70,1067,EIWPJ KDCRFQVFU
71,583,VLJEAZ GCRIYZY
72,1001,FMK WYWBCPGT
73,824,NYDKLORM OXQHHRGIV
74,436,KGLIC MKRSFEFUEI
75,421,YWEMVUVC LEKJY
76,809,EKFIWRBQ XIXRMHYEGWK
77,719,HQU UUGDU
78,1021,ASFIP XJHUTFNGMM
79,940,IZP AGFWCBCIVK
80,608,DOFULQB HKIWS
81,898,GRRF GTNNR
82,762,VYNGI KJWRDJ
83,1044,SSPPM OXSFQ
84,707,LND CFWYFLGOW
85,725,PUWXCORT FDHDWPV
86,849,HJK LRGLWURKSIX
87,488,TFFJWYPC IUYXPUEYFO
88,534,XXV RPFJXCQCXX
89,814,WJWYRQ YQHUUIZL
90,578,ITTBIAK IDCMACVJYE
91,852,YXWOHQLP RWLRGEM
92,763,NTZSXL UZGEZM
93,810,KLVZ SLMJFIU
94,744,ALXPY QOSNZMP
95,548,OUCO GPJHHXTSC
96,713,AROLQG LGWDW
97,605,NFIBBMR IBBPKYJECMS
98,745,JQWPBFL HBJZQRJRSY
99,598,BMSOKDSM PNQVWGUN
100,631,ATC KUSDFLVDW
101,416,ISVUVPI MCZKAHEPRFQ
102,712,CGZ FMMARJAYRS
103,477,PLWCPVOS DSHWXXJG
104,966,HGDTJVCJ TWERKVCIXTE
105,1035,JFTFESOK UGTAJ
106,653,GRVANBRZ WVIWOOJAXRV
107,481,PTIJZBM KQZRIWTXXM
108,980,HHUXXD ZUWUYU
109,673,EXUHL FYLYI
110,582,FFDE DMNXJMCLIZ
111,540,VTCZRX ICEGNCQ
112,913,WCYCFKSC VEGGNFOWA
113,1012,BAXKDBSQ FJNYH
114,1074,LUKD YGKFOZ
115,921,XNO XQOXA
116,905,TKGC XEJNFUJPAK
117,555,RMLDSKSG HJVEJOF
118,935,LGYRR LWOWOQGLCXX
119,595,QZVY IGVPQKWUKHD
120,779,WXZKU NCCAECYVF
121,768,COF JMWBYSVKB
122,943,BXS CJORMRS
123,799,SQA KMEATNMP
124,786,HMV KMQOL
125,586,VZKJSED NWTPG
126,642,IDHVTVH CJCNW
127,411,JHTGGDR AJVNFQ
128,939,YXY CETXCABLFO
129,698,RVIL BQQTQ
130,650,FHGJXHH VLLQIPSJDZ
131,1002,BRJLENC XGUZWAIEL
132,423,SEWGUEVP QAOSPRJADQ
133,658,PVBORDWW PGHJKGPHMNW
134,797,KUE CGHHYUON
135,659,DJX ZHOHRXSXNZ
136,1068,VORH KYLSFUQB
137,1053,TCIFZKM PRDMLC
138,1070,MDHCXRMV CFCXXFHFZLP
139,815,ZSBTYQE ARRMX
140,890,UPDRU KTTJYCO
141,724,EFAF YCAWS
142,495,LYLK YBEOGXKS
143,623,CTF SSTWA
144,833,AAGWU NUFNH
145,600,LWC TWMMO
146,647,HWGC SFCOLCQRAKH
147,531,UEJ IRGMKCAWSRK
148,664,TCIYGYJ IOCIYJE
149,906,KBOB JDMNDK
150,764,VHLQJV ORTZZHBJHN
151,479,TCBJE KMSXSCDNZK
152,602,WVF NOGPXKAGXS
153,638,VID BSQVSKXXXZH
154,767,FUWVKCMJ MMPLFVDCFH
155,565,ZASJXPIW YHNEDJZN
156,415,WCZNNG KRKQAPQZ
157,624,KPXSLV BABELCTZPR
158,461,EQXOJI GJXWKPGWEF
159,502,BRSEX FHSGYJJPNA
160,676,JXMV UJFLREPXU
161,457,MZELGNEN MNWBDYO
162,686,NVFKGMVY QLVLSXZTB
163,649,RQMDG LGJJXUTKRYU
164,860,QYBBVOV SNOVANMQC
165,705,NYHYVDSF VQCVDSTFV
166,865,QIJGF LVUBXLA
167,633,JLGND OIVQDZK
168,554,FOBVY MBDXWXZWJB
169,651,KVDXA THWJMVTKDYA
170,715,YRY EOWBPS
171,828,DJDAO CBHKZSYWL
172,425,LLDIMW GQLCT
173,956,IVCTY EHAFQMGIL
174,825,WBG JHOVDWNQAJ
175,804,RQBK QGTSNJFUR
176,1025,MQAUZHK XMGMFGVAGOQ
177,694,IPTADC HZVBV
178,888,XDTENQRV EWEAYMOQVPY
179,726,AQNIPI LMSDKXWQ
180,515,JIUH OUFALVW
181,552,JKW BXGSIRECUQZ
182,781,OIQXDAN ZFOMDMOYXBU
183,749,AQI UWKONM
184,646,AROZWONW WDKZP
185,931,MAWM AYCLSAXHN
186,513,LOJANI QCEMHONYPPM
187,641,YUJCFC DELSQ
188,648,EOGTWWYC LFTAGIP
189,908,ATUMV BOAFBVXGB
190,820,HXRF XVQCOR
191,924,IDZ JYTVTW
192,535,BORZUSCO BBHGYDZDT
193,672,QASRJQK GMGTKKHBL
194,922,PSWRBERG DWAVMSWEKHX
195,858,JFJTPTW AWTRQP
196,817,VCAZACU MVQTFY
197,995,OBG XWXQSZP
198,992,FEDZZH CYIETUZ
199,968,GJFK XGSXEQPYRE
200,755,MPON PVPNF
201,765,AXUPEFX QFFICKATIUY
202,780,MJUZAQR QVNYXMUPSAO
203,655,TTJ DVCMPCIW
204,1038,QQU IJKGYKFK
205,569,DHKL OGGZJC
206,782,TGHRWBKO VSXHAVRIIY
207,1040,HRYVX FUIJYG
208,1016,NWCQG TLAQUDOOLWM
209,805,WKJT JQOSZOAGWP
210,656,GKT TMMOPACCYQW
211,546,GSGQJWKK MKSIZWIHG
212,941,TQR KSTPSLLB
213,752,VIL GEVTSHL
214,812,IMQQQRJ IIWADL
215,412,YVRTT ZFZDCU
216,680,GBTQNL GGDSONOP
217,958,JIBHZU CYBDDEYCQG
218,708,WQWC YZWNPMEINP
219,414,YRLARME WSCAIKDT
220,727,QKU RHJGTNOJ
221,933,BBZMD SBHOTLOEV
222,529,DRPOLH XUNSJEDLK
223,944,MRSEUB VONLSKFR
224,663,HELOB HDVQHZDUEU
225,1004,MMUPHIE TCPAVDYCJJS
226,589,YHI FGLBMFJMTY
227,480,FQNAU ECPJCUSNOEF
228,558,NUU BVHGHTC
229,1018,NMRC NLHRAQUWLH
230,819,NXDATABP HKYCO
231,738,BRUDGFMY HDSEQZ
232,1019,OOLPILSZ UEZYSEBT
233,791,ZEEL ENQWTGXKO
234,993,BDLOXMI CLGURJ
235,487,GPWMC AZTYTZWD
236,665,GQPR EMDMOQULJ
237,634,ALUW ZWZZPXUPVXE
238,973,VWXB JBOZTK
239,839,QPD DJBDI
240,1045,XYYOT XVBDSZBTICJ
241,476,UWAMOFP ZHSHHWFHU
242,761,UQGXIF YCQCLAAH
243,798,TMILM PFTYCA
244,437,WLSMRQV YQZOTKOVU
245,872,PBDANU GJTKJBKHMFU
246,530,PDNQSI CIDWXB
247,878,GQQBWZW ILZVS
248,401,MSXDVMTP VWYYU
249,883,IYIZPJ XQHIBGDWTDK
250,794,QGQLYL JYMEV
251,1014,WVPNGP DNXHTC
252,884,HNXJ FGZRENACZ
253,660,OVXKMKQ BQEAXZ
254,1015,MLRLU XRWOXL
255,999,MVD ASAKEN
256,574,DJICIN EWYXI
257,585,BTKZ EBCQYFQQGD
258,500,IEYRN ABCGYCDI
259,926,JSMKYPNO NUHFCMCXU
260,732,NVXQX DOAJWZJ
261,1056,XSS NHHAEQG
262,506,KGYQB NMBDJEULPS
263,947,AHYV ZLEGNIYVPAF
264,541,WYPIBVTG RFVJSWMZ
265,517,AHN HUYHQNIVMKR
266,556,BMX XUOCRZWPNXL
267,494,SMGNKOF ZYCLKWXMXL
268,873,FBYZBWOQ VCNVUZDJL
269,551,KTRVENSS MEGJLHJ
270,525,GDDDF QAZRELCXBO
271,593,JZHDTW JZFXJ
272,891,VYMYCRQ CTJIENIHBB
273,700,ALSTH BVOYGFK
274,785,WCHQ UMJEUPRCYV
275,938,JFMB BVFYKFERP
276,447,MJGEGSPK OEDTCAYFKGR
277,976,MSHYYN RPUQDGY
278,606,SWWGCBZH CYMOGFDPRWW
279,857,JLL FDPLBWX
280,711,VAXZBEDB SRHXUWRSUJQ
281,709,CLAT YDRYXMTZMSC
282,899,ELOLILK ZDGKUOHYBJ
283,875,MKXJZTKL NNDLTQZ
284,1041,KSY QZJKPSI
285,838,BRNNRZO KLZXYF
286,406,XKAWUSX KTGWI
287,636,YBJSQ XJPLTBNS
288,536,DVRNVQJN NWHVUPVBQY
289,1061,OJREXMH MGIIJDBYYR
290,469,GGX BAMYBEYOON
291,754,TWVAKC KSLOWMO
292,1042,EWCBZCQA GUYWLLVS
293,1051,OGESR ZFHVRVMNCIP
294,978,UTKCQIYB UVVARLJYD
295,579,JJU AGGOIRFMB
296,1048,LDXTDA PBWSSH
297,573,LFPUOL WUUMDLSPO
298,528,ZZWU CWMFSEYCJO
299,881,GJCR HWLUZYO
300,904,JPNILIN HUSCASEJJT
301,442,EBGN XUHZUXRJ
302,485,WRTGED CZFERLPAGO
303,553,PAZPUJOQ GFZNOY
304,1029,ELKHMRLG EBGMPYYH
305,863,WWHMM NRODHM
306,683,QVBZIVN OZQWMHWMO
307,572,MSTYH HSVMZHWQZRU
308,1055,POPQ GOEPKREJDSB
309,431,IGJFUK MQDOHXPJOF
310,844,NOLCZ EIIJB
311,835,UWQD BKPQASEI
312,576,TDCTKPIX RJBATKD
313,486,XAJCE WRUWMYGD
314,533,HXTT MDQFOTHH
315,1043,LYJOKLSG FOERM
316,521,HKDGFWSK OZYJHFPTTPD
317,967,QDJV ROMFZJOLMU
318,1072,ODBNCL WHCQCRVLT
319,430,CHFQVK RGYDTU
320,934,IBJWDUS NWKPQ
321,587,JRRN AZGXL
322,885,KCZEAF NCOLHLDWJOM
323,468,RKMIYO JGMVFQHKRL
324,458,AOM NYZTULHIM
325,887,XRKXF TDTOILVUCJ
326,409,LVPZ VOSQB
327,490,OFYLYI KGDNZSXL
328,927,PAZQ OWFNSVHI
329,635,ILPIYQ SIWWXVQ
330,984,HQAIR SWOXLIUUST
331,957,GVJEL BOHZNFPKP
332,428,PHUH FIGSS
333,778,KWQK FLVJZZAGYN
334,703,ZFPC WYYGDI
335,975,ARJ KQZWVMSGL
336,972,UPWJHXOW BLUZRZHF
337,803,ZHT PIQKVKQI
338,737,ESVQAU EYWRVVKUF
339,910,ORAKG JASGMKQN
340,841,HGNJBT IZLDWV
341,510,PSSGVCOG EGOQTGFC
342,949,LSYOMG NZLJWKNM
343,410,SCHJ ILRWBKC
344,929,IUAAS OMABNLM
345,1030,ZWD EQHLZP
346,446,NZBRH QZEQC
347,616,QBHEO WOMVMRAC
348,439,CPMVCLW WVPXBHZZOS
349,470,WPV MDRYXRCVG
350,501,SBRGA NDPNEYODO
351,689,OEX JSAASXTVVCB
352,846,DZADPDU CJUQN
353,644,VZDS KWSLOQGLN
354,434,VFSWH XNNRRWNIL
355,942,GXMYIKR VBJDMWOBTT
356,733,AQFN JWMZGXX
357,818,XECF QTCTEHI
358,466,JVQFP RXWGJSSIB
359,403,SWC YYJRUN
360,627,VSB SEWJJNCGJIP
361,625,XFXFZ TJARTR
362,776,BMDUNWAL FJZHRIRHMW
363,1013,TNV MXVGS
364,1049,ANFGJ UCJGJUFQM
365,571,VCIDXBTS QQNYKBRKPZQ
366,462,UMBDIGV UWFRAPVXQO
367,996,GFGQH ACYBVAUP
368,808,TXEOT CVLCK
369,723,DYUNG ZWYIWAIXV
370,1052,LXRGWYWQ AUDFGLHLL
371,882,REVPNT RVSNGN
372,769,FICFGSF AXMJIV
373,827,YTODQDS JXNDMWR
374,795,YWEDCZK FWXOHSKC
375,716,RWWWOI TDLFZC
376,915,ARIFWHQD DPTMJDR
377,784,IYG GOQCS
378,964,RGFVGWDO UKEXPV
379,801,EWTHF DHNLW
380,720,OFXH LCCTA
381,404,VRNUJKNN PJIYQLF
382,836,DJM TQJBD
383,691,ZPNIMG YHRIWEZHM
384,787,ZFFY IPKCHV
385,874,IMMXBU KISTBDRG
386,566,UCXUH DSRUCV
387,652,AOHPAG QVSAPLCSC
388,1075,CCX CWGFQXBS
389,734,RVRY KRFBOXBELDW
390,1022,RUQQWOWD FUEZPGRKZRX
391,610,AHWBLJHI AWBUMUQDQTK
392,520,JDGAO FSNYQ
393,741,OQTZZDAW HUKBNNT
394,937,IGJLM LBTDOSWDAM
395,989,MVBMRII ELVTECTMICY
396,829,BPVQJ RVLFR
397,772,NKFGSO KDLGJNZWXD
398,1073,SXLNPWG NKMETF
399,771,LAVBMA MSJCTHBYFXR
400,974,GWIPJSBQ LGJOT
401,424,UANJUZLO GMMMLFRVONE
402,777,YENK MYAIKO
403,893,DNGCA UJNJVA
404,678,WEBCHAC NPMCQPKADQ
405,475,EUL ERUTCR
406,433,FSZIWIL YYCLASCMUHC
407,445,GDA NWUGYNC
408,507,URF QAQRYUE
409,451,GMLNO UEXZF
410,621,BUTPX LLRDQKFIDDD
411,419,UNPFCF BGEANQXPL
412,516,IGTBJ KNOSQTXZ
413,418,MNZQUAZ ZDMPCDCXLM
414,960,OMPDCJWV JVTCK
415,953,ACGZB LOTPRVMDIPI
416,449,ZBH KZCTVXYFF
417,923,IJHJUX EKQAWTKODIR
418,753,ZPN DIIDIPIKWS
419,679,EQCICTKA OUOUEIYSHNF
420,472,NRGCCSA UOGAEIJG
421,800,GSQXMW FKOOAVCYI
422,916,MWZNQ NTTRDCZHZF
423,994,ELOJXE XXAAV
424,628,CZS BMKQHDHMHIT
425,690,SYUFMDDT BATDYDZCCR
426,722,BVZFCM MKFTZA
427,704,FIZKBCL UFLAGNEXSXY
428,981,FRKSDSNE SJAZSZ
429,773,DXQIKSO XWNRTNEST
430,896,NAUA EOKEOEF
431,508,IZPSJ HIGEVXZJDRC
432,1066,RCSTG HFNXJSZ
433,509,YYVHGEPM ZOLKTFOTDFV
434,482,DEEQBO LAXOAXJHDP
435,454,ROD BHKSCNXZKY
436,699,FVSVIT UWTRIDVXDMO
437,1003,SZBKCQJ DDIIU
438,1050,MKOH GLDXVGUS
439,620,JDABDELH WUKZEVTTZGF
440,877,LAQL VYFQKOZ
441,491,ASVN ZRJMR
442,1017,MJIUR XIEAAPX
443,936,NLLOAA OTXDS
444,845,GIDPUOXP FXZKXBZW
445,675,KPIYSKP LIUFXHMF
446,889,BBBQG YRSXTUTX
447,422,PAGHLXS TRZSBLZN
448,1060,OSTX SMRRF
449,575,FESU EYBRXVMQ
450,758,RIFHZ IVRDUJP
451,739,XBOCFGY MGZDDUQUQWN
452,985,UXKSOPM ZECBBE
453,948,JYDXF CDKYT
454,518,RUPVO NHGDWVD
455,682,GEBYKNXN KESNOSIV
456,592,PZXDOF MRBHUEEDJID
457,748,AIHG CXVVH
458,823,JJFJMTO ALRHHW
459,671,FYQ AVSICZLBW
460,496,OOU XWDLPTOCNV
461,871,LYQ JQSEJAJK
462,483,GXVWMQ VIVIZRWEEUQ
463,706,QHRJ ZVSBGEPTMO
464,654,AGFKC NKVKQBEGQL
465,629,CHYABZG HQBTFQD
466,614,ISAYEX IUYOCOBCNEK
467,570,NNOVDQ QKGUS
468,721,MHCSE MMDAQ
469,892,SHIEUOUJ CRPUHZA
470,774,HGFO IXSVLXXDR
471,886,YJCU ZYEEPTYX
472,783,YOIGVYP VSMGQ
473,681,HLKHUO BWNHAECABXB
474,970,LIKLZ FELOU
475,914,BIKI EALAPTCUX
476,503,WGZJUK UFJZJ
477,456,DUPE CBOGEAJTVL
478,639,QLPXMA TWWYI
479,868,FNNBF SDGIL
480,963,UGFITAY GRXTRQRQRZO
481,603,BMHGGMPP ABZWJFEDHFL
482,983,ERVYH MXVNGZBPHIE
483,1046,EAAAJ HFOOMAMQGE
484,946,LZEJ OMIQBPAFOB
485,459,BMZJTQZF SMVYSJF
486,811,LOZXWR YMTGAURQXF
487,788,YHID ZUBAOKHTW
488,1063,XPE OPSJXUDR
489,1034,WELVN TANPDNDP
490,590,MOFJF JAWEJ
491,982,PLLSJ PDECZHRO
492,867,SAC POQUXV
493,584,UJHO IYBTQMKVTO
494,532,GJMMBMR SAHMAFRX
495,512,GPLGSGWE SSXGO
496,599,XMDA AUSDDGD
497,492,CJD LAQRUY
498,902,QKA WYCLYOQ
499,911,KTTNB YYBBJG
500,432,WHG UXJMHKJI
501,632,GCMISWB OLFMJG
502,493,PFFL NNIKXUUH
503,537,VDMZPU TNYHBDWK
504,1028,FATKOI YWSXS
505,612,ASBDECV BVKZFL
506,854,WNQ DOJQCROAMLU
507,856,UXUYDYT ETDDAPH
508,850,VUSLFI PZYPNLJP
509,591,OYESW ZYSCCSTJ
510,684,GSBRXJG WIXJVJ
511,619,PPAVJZUI RYMLS
512,925,CEBDVZ PEXZDJUMKUD
513,465,YLWSTP RFALCKNGN
514,685,MIKMJNVD CFAFIX
515,912,TYMIRTK CYWSEKNKYX
516,1054,GKF LOMLTV
517,747,QDADN RYAWWWQDGD
518,538,AMPGWXRK LFFIPFZVH
519,511,YCK UBHMEN
520,489,SPFKXD HPPUUVDLCCG
521,630,RJIB GJISPYIJS
522,543,CXWLOLGK IJVML
523,564,TVJ BYPNJJCH
524,879,ZTGESCPI NXUYGPMTVMM
525,900,QRKDC VHLPVMKBQE
526,1011,MUFG SOXHHTTWL
527,1032,EAR GVARKXEWAW
528,840,EMAMUUA SBJNUFAKTF
529,1031,NIPHU MNRNJRSQ
530,505,CCPCW SNJPV
531,987,QRMDE USNOGAFT
532,793,OCH IEJZIG
533,1024,RJQ DKHUWMBSG
534,504,MRQ GBPWDY
535,1037,IGRQCOH LHNXQH
536,853,KOK BXWSQEVFAA
537,498,JOPCGRS NEZCBRKZVW
538,790,XNERD IMLLMRS
539,917,JBNCWC GVFJPR
540,662,NZSNMWES ETFRHW
541,751,FUISWEWE CBORUXD
542,441,VXKRDEY YJPGHB
543,568,XXGUED YGGOZBN
544,718,LAKYT NCTOOJ
545,473,KJKHI QDMVEUCSVFG
546,965,RCC RXRURFKA
547,746,MMTVVMBH HFELZZQH
548,864,BFKSDE OWJYYLI
549,460,BJUNKEV RIITJZANJ
550,977,WWXAKV LJTWTFWUPS
551,701,WFV GPOSQQF
552,1009,ZYO ZYAUJJ
553,577,EVG ZKYJOXQJF
554,1008,XWPEWJEU ZDUAX
555,816,NNQJ TPVUALTQUYV
556,626,RLAPWG LWJFWJL
557,677,AXHW ODQOOLELJCI
558,1058,VKLS QYOCG
559,736,RTJ TTTPHYHYMS
560,464,EGILCFX PXONLQT
561,847,MROGMJXT HFRWZYXDEFR
562,427,OXKEN WWGVBV
563,478,DABAW JHNHJLEOSMF
564,971,WAJ ANHZVDAQTS
565,988,UYQFHF MQTQFN
566,1026,NBKPLNC UMAZMSTF
567,831,BMF IVKUMFMTSP
568,742,SSXFFC ATCZF
569,869,MIHPWMX SZTGGGBZX
570,998,PCE XJGXCKYIFT
571,618,CMM RJGQDMWLNXI
572,597,XALUJTTM EUWLP
573,843,RGM ISUAXIZIVWQ
574,429,PVOM GJHUPDQAS
575,717,KRPS LKVISUQQ
576,1064,LTA IJOQVVLKZ
577,880,ROODID YTNTC
578,407,UYDFLZF TIVJFQWQ
579,766,DLORQWWO QMHUUUO
580,796,VFBCALX LRQIH
581,990,MWWD NVZBLNLHHH
582,1062,HTGK VGWVSNLC
583,667,KIT ILGDMJQAUX
584,594,VLLOTW LCSGWHTYDQK
585,969,SYTYKC OMZOYDJLQZ
586,928,MIGVEPQ ESIODTJBMHO
587,750,CQLATWLJ XSYKAGFH
588,581,LOGCU ZNXOWLFVQ
589,413,QSFC DDWBPWK
590,561,ITRWZ VSBKQPGDWB
591,743,KMNSQQXM UMIEKOMDH
592,759,EDI OVZUAVXW
593,1005,KDC ATBMNN
594,991,ZMFCV SJZXRNSQJUL
595,637,DVCIZC EAQTPPNODU
596,806,MCA JTQDKBAXKSD
597,837,LGZPGS JXJYLMSEN
598,670,OQBG ULHULU
599,1000,BLBILTQ FCOOCZAUFQ
600,735,EUNKOA TKLNYBPKDZ
601,907,PCAFSEHU YMKCAQWPC
602,789,WWDLWGC IJBHHTJJY
603,435,HYOU KSUDOJFA
604,954,YDPWM TFXVMF
605,894,QQDGY DUSOM
606,909,CZY EZEEFVAR
607,710,QLWVB WOSBUQFQK
608,1065,AOGZMK ASOFNQYEYPP
609,830,TSCLT WDAOPVQPJ
610,770,YIQQWYG NYKNPBJEUDG
611,832,FMZTDUMU EKKET
612,580,PBCE ZMRRQAVKFB
613,563,GGD CKZOEDYR
614,930,UEJVGP WVHNLJK
615,617,MRVUAA WMZKS
616,792,JMEDSP ABFZYO
617,443,ZZIQL CNHENESNQKS
618,697,GIBBZC CGBCURNWQXO
619,1023,ELFR PXEHKYLG
620,444,HGUL KBOMXGZVWY
621,450,AQLHH CHOLROY
622,997,TGBQ SNTGZQMAO
623,903,ANBQAIZE PNPICOFX
624,1047,BBGOUO QNDQBQRBDUT
625,687,SHUIYD MOKJYYKZGBW
626,855,JAHMQBPV XIYACHXK
627,560,WUOGUP SVVTRUKCUU
628,901,XDHUL HXOOWYW
629,961,QMFMB XHZTB
630,693,DQBSCYVM VJTUX
631,813,XGOWY CBKGBTFUW
632,544,AQDUV DPHAACU
633,959,KXUATSFV ELYASSWSV
634,1036,YSEEK NEKPZKE
635,661,YMCTRZ XEXXWRWON
636,862,NPDRZ SWLIXVOIE
637,674,JHPIFVG ERXAI
638,692,HAMLR NDPYNOWD
639,895,SVLZ NWGICLCB
640,588,OMRO YEFNIXOXLKB
641,467,VICUVYB FCOHDBR
642,420,LHOPNCZM SXXEAIS
643,729,URNUSS WGCCKVT
644,932,DQWQUXC MUBQWL
645,559,BHLQCDLA MNCYKYATB
646,918,TNOXB JYSHKFBNM
647,1057,ORRRDGT DQRDJUWANL
648,802,MALG JVLKKAWQQOH
649,550,NBXEUCPP ASCLHPAJ
650,609,SXWDH WBYORFWLTZK
651,1006,MQKPIPCR ECAGNVD
652,859,KHBI VVQTGLUQM
653,955,CAT LPWCVAF
654,645,AEACRHDB FYRAGEVY
655,405,FTL YGDWKAZ
656,821,ORIPTZYZ BFXUGGZBEP
657,1069,KZKSEID FJSJAKTRFTP
658,688,XEQDK RGQJUA
659,400,MOCU RJGLSGXLX
660,402,OHEL LVQXM
661,760,XUOTQ CHUYYDE
662,1059,KJIHMR YVVJJS
663,757,HAUEXKX POEJNE
664,526,QJCZT LNMLK
665,870,TCZCJBW OYJNPXS
666,668,YMEOX IPTVEF
667,484,PEKS FMDGLT
668,524,HYTB XEZLKQJ
669,945,ENMLUDB YPVFCAO
670,499,XJBV EEUIDGUT
671,643,DVARGUWJ VLGAP
672,611,EDLPGJ UKDEPJZ
673,1027,LOXL FGIBRFMA
674,417,JYIO LYWUSIYWXJV
675,866,JYLUDTE GLJVNRZ
